uid	DE (ai_description_de)	ES (dry-run, voll)
1	Der Grosse Ahornboden bei Karwendel in den Alpen als Gigapixel-Aufnahme mit 1,33 GP (60896 × 21826 Pixel). Fotografie von Daniel Richter. Geeignet für großformatige Anwendungen wie Spanndecken, XXL-Wandgestaltung oder Messen. Echte Kameraaufnahme, keine KI-Generierung, kein KI-Upscaling.	El Gran Ahornboden cerca de Karwendel en los Alpes como toma gigapíxel con 1,33 GP (60896 × 21826 píxeles). Fotografía de Daniel Richter. Apto para aplicaciones de gran formato como techos tensados, decoración mural XXL o ferias. Captura de cámara auténtica, sin generación por IA, sin upscaling por IA.
2	Das Schloss Belvedere bei Weimar als 0,25-Gigapixel-Aufnahme mit 31064 x 8049 Pixeln von Daniel Richter. Geeignet für repräsentative Wandgestaltung, Großformatdrucke und Messebau. Hervorragende Schärfe auch bei mehreren Metern Breite. Echte Kameraaufnahme, keine KI-Generierung, kein KI-Upscaling.	El castillo Belvedere cerca de Weimar como toma de 0,25 gigapíxeles con 31064 x 8049 píxeles de Daniel Richter. Apto para decoración mural representativa, impresiones en gran formato y construcción de stands. Nitidez excepcional incluso en varios metros de ancho. Captura de cámara auténtica, sin generación por IA, sin upscaling por IA.
3	Burji Khalifa in Dubai in 2,50 Gigapixel (34055 × 73345 Pixel). Fotografiert von Daniel Richter. Ideal für großformatige Wandgestaltung und architektonische Raumkonzepte. Echte Kameraaufnahme, keine KI-Generierung, kein KI-Upscaling.	Burji Khalifa en Dubái en 2,50 gigapíxeles (34055 × 73345 píxeles). Fotografiado por Daniel Richter. Ideal para decoración mural de gran formato y conceptos de espacios arquitectónicos. Captura de cámara auténtica, sin generación por IA, sin upscaling por IA.
4	Der Grosse Ahornboden bei Karwendel in den Alpen als Gigapixel-Aufnahme mit 1,33 GP (60896 × 21826 Pixel). Fotografie von Daniel Richter. Geeignet für großformatige Anwendungen wie Spanndecken, XXL-Wandgestaltung oder Messen. Echte Kameraaufnahme, keine KI-Generierung, kein KI-Upscaling.	El Gran Ahornboden cerca de Karwendel en los Alpes como toma gigapíxel con 1,33 GP (60896 × 21826 píxeles). Fotografía de Daniel Richter. Apto para aplicaciones de gran formato como techos tensados, decoración mural XXL o ferias. Captura de cámara auténtica, sin generación por IA, sin upscaling por IA.
5	Ameisen am Rand einer Straße in 1,08 Gigapixel (77709 * 13911 px). Aufnahme von Daniel Richter. Geeignet für großformatige Anwendungen wie Spanndecken, XXL-Wandgestaltung oder Messeauftritte. Echte Kameraaufnahme, keine KI-Generierung, kein KI-Upscaling.	Hormigas al borde de una carretera en 1,08 gigapíxeles (77709 * 13911 px). Toma de Daniel Richter. Apto para aplicaciones de gran formato como techos tensados, decoración mural XXL o participaciones en ferias. Captura de cámara auténtica, sin generación por IA, sin upscaling por IA.
6	Ameisen am Rand einer Straße in 1,08 Gigapixel (77709 * 13911 px). Aufnahme von Daniel Richter. Geeignet für großformatige Anwendungen wie Spanndecken, XXL-Wandgestaltung oder Messeauftritte. Echte Kameraaufnahme, keine KI-Generierung, kein KI-Upscaling.	Hormigas al borde de una carretera en 1,08 gigapíxeles (77709 * 13911 px). Toma de Daniel Richter. Apto para aplicaciones de gran formato como techos tensados, decoración mural XXL o participaciones en ferias. Captura de cámara auténtica, sin generación por IA, sin upscaling por IA.
7	Ameisenstraße am Wegesrand in 0,80 Gigapixel (47164 * 16944 px). Aufnahme von Daniel Richter. Geeignet für großformatige Anwendungen wie Spanndecken, XXL-Wandgestaltung oder Messeauftritte. Echte Kameraaufnahme, keine KI-Generierung, kein KI-Upscaling.	Camino de hormigas al borde del sendero en 0,80 gigapíxeles (47164 * 16944 px). Toma de Daniel Richter. Apto para aplicaciones de gran formato como techos tensados, decoración mural XXL o participaciones en ferias. Captura de cámara auténtica, sin generación por IA, sin upscaling por IA.
8	Rand eines Fußwegs als Gigapixel-Fotografie mit 0,25 GP (19377 × 12918 Pixel). Fotografie von Daniel Richter. Geeignet für großformatige Anwendungen wie Spanndecken, XXL-Wandgestaltung oder Messen. Echte Kameraaufnahme, keine KI-Generierung, kein KI-Upscaling.	Borde de una acera como fotografía gigapíxel con 0,25 GP (19377 × 12918 píxeles). Fotografía de Daniel Richter. Apto para aplicaciones de gran formato como techos tensados, decoración mural XXL o ferias. Captura de cámara auténtica, sin generación por IA, sin upscaling por IA.
9	Ameisenstraße am Wegesrand als Gigapixel-Aufnahme mit 0,25 GP (19376 × 12917 Pixel). Fotografie von Daniel Richter. Geeignet für großformatige Anwendungen wie Spanndecken, XXL-Wandgestaltung oder Messen. Echte Kameraaufnahme, keine KI-Generierung, kein KI-Upscaling.	Camino de hormigas al borde del sendero como toma gigapíxel con 0,25 GP (19376 × 12917 píxeles). Fotografía de Daniel Richter. Apto para aplicaciones de gran formato como techos tensados, decoración mural XXL o ferias. Captura de cámara auténtica, sin generación por IA, sin upscaling por IA.
10	Ameisenstraße am Wegesrand als Gigapixel-Aufnahme mit 0,25 GP (19376 × 12917 Pixel). Fotografie von Daniel Richter. Geeignet für großformatige Anwendungen wie Spanndecken, XXL-Wandgestaltung oder Messen. Echte Kameraaufnahme, keine KI-Generierung, kein KI-Upscaling.	Camino de hormigas al borde del sendero como toma gigapíxel con 0,25 GP (19376 × 12917 píxeles). Fotografía de Daniel Richter. Apto para aplicaciones de gran formato como techos tensados, decoración mural XXL o ferias. Captura de cámara auténtica, sin generación por IA, sin upscaling por IA.
12	Anfangsbuchstabe – hochauflösende Fotografie in 0,25 Gigapixel (12224 × 20453 px). Die Aufnahme zeigt eine Bronzestatue mit künstlerischem Fokus auf Figur und Bronze. Die Datei eignet sich für großformatige Anwendungen wie Spanndecken, XXL-Wandgestaltung oder Messebau. Echte Kameraaufnahme, keine KI-Generierung, kein KI-Upscaling.	Letra inicial – fotografía de alta resolución en 0,25 gigapíxeles (12224 × 20453 px). La toma muestra una estatua de bronce con enfoque artístico en la figura y el bronce. El archivo es apto para aplicaciones de gran formato como techos tensados, decoración mural XXL o construcción de stands. Captura de cámara auténtica, sin generación por IA, sin upscaling por IA.
13	St. Johann Nepomuk Kirche in München als Gigapixel-Aufnahme mit 0,25 GP (15154 × 16517 Pixel). Fotografie von Daniel Richter. Geeignet für großformatige Anwendungen wie Spanndecken, XXL-Wandgestaltung oder Messen. Echte Kameraaufnahme, keine KI-Generierung, kein KI-Upscaling.	Iglesia de St. Johann Nepomuk en Múnich como toma gigapíxel con 0,25 GP (15154 × 16517 píxeles). Fotografía de Daniel Richter. Apto para aplicaciones de gran formato como techos tensados, decoración mural XXL o ferias. Captura de cámara auténtica, sin generación por IA, sin upscaling por IA.
14	Die Asamkirche in München als Gigapixel-Aufnahme mit 0,25 GP (13252 × 18877 Pixel). Fotografie von Daniel Richter. Geeignet für großformatige Anwendungen wie Spanndecken, XXL-Wandgestaltung oder Messen. Echte Kameraaufnahme, keine KI-Generierung, kein KI-Upscaling.	La Asamkirche en Múnich como toma gigapíxel con 0,25 GP (13252 × 18877 píxeles). Fotografía de Daniel Richter. Apto para aplicaciones de gran formato como techos tensados, decoración mural XXL o ferias. Captura de cámara auténtica, sin generación por IA, sin upscaling por IA.
15	Innenansicht vom Augenoptiker als Gigapixel-Fotografie mit 0,25 GP (27402 × 9130 Pixel). Fotografie von Daniel Richter. Geeignet für großformatige Anwendungen wie Spanndecken, XXL-Wandgestaltung oder Messen. Echte Kameraaufnahme, keine KI-Generierung, kein KI-Upscaling.	Vista interior de óptica como fotografía gigapíxel con 0,25 GP (27402 × 9130 píxeles). Fotografía de Daniel Richter. Apto para aplicaciones de gran formato como techos tensados, decoración mural XXL o ferias. Captura de cámara auténtica, sin generación por IA, sin upscaling por IA.
16	Austin Seven Ulster, freigestellt, als Gigapixel-Aufnahme mit 0,25 GP (19157 × 13062 Pixel). Fotografie von Daniel Richter. Geeignet für großformatige Anwendungen wie Spanndecken, XXL-Wandgestaltung oder Messen. Echte Kameraaufnahme, keine KI-Generierung, kein KI-Upscaling.	Austin Seven Ulster, recortado, como toma gigapíxel con 0,25 GP (19157 × 13062 píxeles). Fotografía de Daniel Richter. Apto para aplicaciones de gran formato como techos tensados, decoración mural XXL o ferias. Captura de cámara auténtica, sin generación por IA, sin upscaling por IA.
17	Austin Seven Ulster, freigestellt, als Gigapixel-Aufnahme mit 0,25 GP (19157 × 13062 Pixel). Fotografie von Daniel Richter. Geeignet für großformatige Anwendungen wie Spanndecken, XXL-Wandgestaltung oder Messen. Echte Kameraaufnahme, keine KI-Generierung, kein KI-Upscaling.	Austin Seven Ulster, recortado, como toma gigapíxel con 0,25 GP (19157 × 13062 píxeles). Fotografía de Daniel Richter. Apto para aplicaciones de gran formato como techos tensados, decoración mural XXL o ferias. Captura de cámara auténtica, sin generación por IA, sin upscaling por IA.
18	BMW 321 freigestellt. 0,25 Gigapixel (18638 x 13429 px). Fotografie von Daniel Richter. Geeignet für XXL-Wandgestaltung, Stretchdecken und Messebau. Echte Kameraaufnahme, keine KI-Generierung, kein KI-Upscaling.	BMW 321 recortado. 0,25 Gigapixel (18638 x 13429 px). Fotografía de Daniel Richter. Apto para decoración mural XXL, techos tensados y construcción de stands. Captura de cámara auténtica, sin generación por IA, sin upscaling por IA.
19	BMW Cooper freigestellt. 0,25 Gigapixel (23230 x 10778 px). Fotografie von Daniel Richter. Geeignet für XXL-Wandgestaltung, Stretchdecken und Messebau. Echte Kameraaufnahme, keine KI-Generierung, kein KI-Upscaling.	BMW Cooper recortado. 0,25 Gigapixel (23230 x 10778 px). Fotografía de Daniel Richter. Apto para decoración mural XXL, techos tensados y construcción de stands. Captura de cámara auténtica, sin generación por IA, sin upscaling por IA.
20	BMW Dixi Ihle freigestellt. 0,25 Gigapixel (19684 x 12720 px). Fotografie von Daniel Richter. Geeignet für XXL-Wandgestaltung, Stretchdecken und Messebau. Echte Kameraaufnahme, keine KI-Generierung, kein KI-Upscaling.	BMW Dixi Ihle recortado. 0,25 Gigapixel (19684 x 12720 px). Fotografía de Daniel Richter. Apto para decoración mural XXL, techos tensados y construcción de stands. Captura de cámara auténtica, sin generación por IA, sin upscaling por IA.
21	Rote Ziegelsteinwand mit weißen Fugen. 0,18 Gigapixel (14169 x 12555 px). Fotografie von Daniel Richter. Geeignet für XXL-Wandgestaltung, Stretchdecken und Messebau. Echte Kameraaufnahme, keine KI-Generierung, kein KI-Upscaling.	Pared de ladrillo rojo con juntas blancas. 0,18 Gigapixel (14169 x 12555 px). Fotografía de Daniel Richter. Apto para decoración mural XXL, techos tensados y construcción de stands. Captura de cámara auténtica, sin generación por IA, sin upscaling por IA.
22	Vergrößerung einer roten Ziegelwand mit weißen Fugen. 0,13 Gigapixel (17638 x 7241 px). Fotografie von Daniel Richter. Geeignet für XXL-Wandgestaltung, Stretchdecken und Messebau. Echte Kameraaufnahme, keine KI-Generierung, kein KI-Upscaling.	Detalle de pared de ladrillo rojo con juntas blancas. 0,13 Gigapixel (17638 x 7241 px). Fotografía de Daniel Richter. Apto para decoración mural XXL, techos tensados y construcción de stands. Captura de cámara auténtica, sin generación por IA, sin upscaling por IA.
23	Baumgruppe an der Küste in Irland. 0,15 Gigapixel (12258 x 12258 px). Fotografie von Daniel Richter. Geeignet für XXL-Wandgestaltung, Stretchdecken und Messebau. Echte Kameraaufnahme, keine KI-Generierung, kein KI-Upscaling.	Grupo de árboles en la costa de Irlanda. 0,15 Gigapixel (12258 x 12258 px). Fotografía de Daniel Richter. Apto para decoración mural XXL, techos tensados y construcción de stands. Captura de cámara auténtica, sin generación por IA, sin upscaling por IA.
24	Baumgruppe an der Küste in Irland. 0,15 Gigapixel (12258 x 12258 px). Fotografie von Daniel Richter. Geeignet für XXL-Wandgestaltung, Stretchdecken und Messebau. Echte Kameraaufnahme, keine KI-Generierung, kein KI-Upscaling.	Grupo de árboles en la costa de Irlanda. 0,15 Gigapixel (12258 x 12258 px). Fotografía de Daniel Richter. Apto para decoración mural XXL, techos tensados y construcción de stands. Captura de cámara auténtica, sin generación por IA, sin upscaling por IA.
25	Bayerische Hypotheken und Wechselbank in München. 0,25 Gigapixel (21782 x 11486 px). Fotografie von Daniel Richter. Geeignet für XXL-Wandgestaltung, Stretchdecken und Messebau. Echte Kameraaufnahme, keine KI-Generierung, kein KI-Upscaling.	Bayerische Hypotheken und Wechselbank en Múnich. 0,25 Gigapixel (21782 x 11486 px). Fotografía de Daniel Richter. Apto para decoración mural XXL, techos tensados y construcción de stands. Captura de cámara auténtica, sin generación por IA, sin upscaling por IA.
26	Bayerische Hypotheken und Wechselbank in München. 0,25 Gigapixel (21782 x 11486 px). Fotografie von Daniel Richter. Geeignet für XXL-Wandgestaltung, Stretchdecken und Messebau. Echte Kameraaufnahme, keine KI-Generierung, kein KI-Upscaling.	Banco Hipotecario y de Cambio de Baviera en Múnich. 0,25 Gigapixel (21782 x 11486 px). Fotografía de Daniel Richter. Apto para decoración mural XXL, techos tensados y construcción de stands. Captura de cámara auténtica, sin generación por IA, sin upscaling por IA.
27	Bayerische Hypotheken und Wechselbank in München aus der Nähe. 0,25 Gigapixel (24803 x 10096 px). Fotografie von Daniel Richter. Geeignet für XXL-Wandgestaltung, Stretchdecken und Messebau. Echte Kameraaufnahme, keine KI-Generierung, kein KI-Upscaling.	Banco Hipotecario y de Cambio de Baviera en Múnich desde cerca. 0,25 Gigapixel (24803 x 10096 px). Fotografía de Daniel Richter. Apto para decoración mural XXL, techos tensados y construcción de stands. Captura de cámara auténtica, sin generación por IA, sin upscaling por IA.
28	Bayerische Hypotheken und Wechselbank in München aus der Nähe. 0,25 Gigapixel (24803 x 10096 px). Fotografie von Daniel Richter. Geeignet für XXL-Wandgestaltung, Stretchdecken und Messebau. Echte Kameraaufnahme, keine KI-Generierung, kein KI-Upscaling.	Banco Hipotecario y de Cambio de Baviera en Múnich desde cerca. 0,25 Gigapixel (24803 x 10096 px). Fotografía de Daniel Richter. Apto para decoración mural XXL, techos tensados y construcción de stands. Captura de cámara auténtica, sin generación por IA, sin upscaling por IA.
29	Detailansicht der Bayerische Hypotheken und Wechselbank in München. 0,25 Gigapixel (12913 x 19370 px). Fotografie von Daniel Richter. Geeignet für XXL-Wandgestaltung, Stretchdecken und Messebau. Echte Kameraaufnahme, keine KI-Generierung, kein KI-Upscaling.	Detalle del Banco Hipotecario y de Cambio de Baviera en Múnich. 0,25 Gigapixel (12913 x 19370 px). Fotografía de Daniel Richter. Apto para decoración mural XXL, techos tensados y construcción de stands. Captura de cámara auténtica, sin generación por IA, sin upscaling por IA.
30	Crawford Art Gallery in Cork, Irland. 0,25 Gigapixel (13978 x 17917 px). Fotografie von Daniel Richter. Geeignet für XXL-Wandgestaltung, Stretchdecken und Messebau. Echte Kameraaufnahme, keine KI-Generierung, kein KI-Upscaling.	Crawford Art Gallery en Cork, Irlanda. 0,25 Gigapixel (13978 x 17917 px). Fotografía de Daniel Richter. Apto para decoración mural XXL, techos tensados y construcción de stands. Captura de cámara auténtica, sin generación por IA, sin upscaling por IA.
31	Fernsicht des Bayrische Landtag in München. 0,25 Gigapixel (20104 x 12449 px). Fotografie von Daniel Richter. Geeignet für XXL-Wandgestaltung, Stretchdecken und Messebau. Echte Kameraaufnahme, keine KI-Generierung, kein KI-Upscaling.	Vista lejana del Parlamento de Baviera en Múnich. 0,25 Gigapixel (20104 x 12449 px). Fotografía de Daniel Richter. Apto para decoración mural XXL, techos tensados y construcción de stands. Captura de cámara auténtica, sin generación por IA, sin upscaling por IA.
32	Der Bayrische Landtag in München. 0,25 Gigapixel (25016 x 9998 px). Fotografie von Daniel Richter. Geeignet für XXL-Wandgestaltung, Stretchdecken und Messebau. Echte Kameraaufnahme, keine KI-Generierung, kein KI-Upscaling.	El Parlamento de Baviera en Múnich. 0,25 Gigapixel (25016 x 9998 px). Fotografía de Daniel Richter. Apto para decoración mural XXL, techos tensados y construcción de stands. Captura de cámara auténtica, sin generación por IA, sin upscaling por IA.
33	Das Schloss Belvedere bei Weimar als 0,25-Gigapixel-Aufnahme mit 31064 x 8049 Pixeln von Daniel Richter. Geeignet für repräsentative Wandgestaltung, Großformatdrucke und Messebau. Hervorragende Schärfe auch bei mehreren Metern Breite. Echte Kameraaufnahme, keine KI-Generierung, kein KI-Upscaling.	El Palacio Belvedere cerca de Weimar como toma gigapíxel de 0,25 Gigapixel con 31064 x 8049 píxeles de Daniel Richter. Apto para decoración mural representativa, impresiones de gran formato y construcción de stands. Nitidez excelente incluso con varios metros de ancho. Captura de cámara auténtica, sin generación por IA, sin upscaling por IA.
34	Das Hauptgebäude des Schlosses Belvedere bei Weimar als 0,25-Gigapixel-Aufnahme mit 24696 x 10134 Pixeln von Daniel Richter. Geeignet für repräsentative Wandgestaltung, Großformatdrucke und Messebau. Hervorragende Schärfe auch bei mehreren Metern Breite. Echte Kameraaufnahme, keine KI-Generierung, kein KI-Upscaling.	El edificio principal del Palacio Belvedere cerca de Weimar como toma gigapíxel de 0,25 Gigapixel con 24696 x 10134 píxeles de Daniel Richter. Apto para decoración mural representativa, impresiones de gran formato y construcción de stands. Nitidez excelente incluso con varios metros de ancho. Captura de cámara auténtica, sin generación por IA, sin upscaling por IA.
35	Das Nebengebäude des Schlosses Belvedere bei Weimar als 0,25-Gigapixel-Aufnahme mit 17939 x 13937 Pixeln von Daniel Richter. Geeignet für repräsentative Wandgestaltung, Großformatdrucke und Messebau. Hervorragende Schärfe auch bei mehreren Metern Breite. Echte Kameraaufnahme, keine KI-Generierung, kein KI-Upscaling.	El edificio secundario del Palacio Belvedere cerca de Weimar como toma gigapíxel de 0,25 Gigapixel con 17939 x 13937 píxeles de Daniel Richter. Apto para decoración mural representativa, impresiones de gran formato y construcción de stands. Nitidez excelente incluso con varios metros de ancho. Captura de cámara auténtica, sin generación por IA, sin upscaling por IA.
36	Das Nebengebäude des Schlosses Belvedere bei Weimar als 0,25-Gigapixel-Aufnahme mit 15827 x 15827 Pixeln von Daniel Richter. Geeignet für repräsentative Wandgestaltung, Großformatdrucke und Messebau. Hervorragende Schärfe auch bei mehreren Metern Breite. Echte Kameraaufnahme, keine KI-Generierung, kein KI-Upscaling.	El edificio secundario del Palacio Belvedere cerca de Weimar como toma gigapíxel de 0,25 Gigapixel con 15827 x 15827 píxeles de Daniel Richter. Apto para decoración mural representativa, impresiones de gran formato y construcción de stands. Nitidez excelente incluso con varios metros de ancho. Captura de cámara auténtica, sin generación por IA, sin upscaling por IA.
37	Der Berliner Hauptbahnhof an der Spree als 0,25-Gigapixel-Aufnahme mit 32727 x 7642 Pixeln von Daniel Richter. Geeignet für repräsentative Wandgestaltung, Großformatdrucke und Messebau. Hervorragende Schärfe auch bei mehreren Metern Breite. Echte Kameraaufnahme, keine KI-Generierung, kein KI-Upscaling.	La Estación Central de Berlín en el Spree como toma gigapíxel de 0,25 Gigapixel con 32727 x 7642 píxeles de Daniel Richter. Apto para decoración mural representativa, impresiones de gran formato y construcción de stands. Nitidez excelente incluso con varios metros de ancho. Captura de cámara auténtica, sin generación por IA, sin upscaling por IA.
38	Die Spree am Hauptbahnhof in Berlin als 0,25-Gigapixel-Aufnahme mit 28055 x 8917 Pixeln von Daniel Richter. Geeignet für repräsentative Wandgestaltung, Großformatdrucke und Messebau. Hervorragende Schärfe auch bei mehreren Metern Breite. Echte Kameraaufnahme, keine KI-Generierung, kein KI-Upscaling.	El Spree en la estación central de Berlín como toma gigapíxel de 0,25 GP con 28055 x 8917 píxeles de Daniel Richter. Apto para decoración mural representativa, impresiones de gran formato y construcción de stands. Nitidez excepcional incluso en varios metros de ancho. Captura de cámara auténtica, sin generación por IA, sin upscaling por IA.
39	Der Berliner Dom als 0,25-Gigapixel-Aufnahme mit 20000 x 12503 Pixeln von Daniel Richter. Geeignet für repräsentative Wandgestaltung, Großformatdrucke und Messebau. Hervorragende Schärfe auch bei mehreren Metern Breite. Echte Kameraaufnahme, keine KI-Generierung, kein KI-Upscaling.	La Catedral de Berlín como toma gigapíxel de 0,25 GP con 20000 x 12503 píxeles de Daniel Richter. Apto para decoración mural representativa, impresiones de gran formato y construcción de stands. Nitidez excepcional incluso en varios metros de ancho. Captura de cámara auténtica, sin generación por IA, sin upscaling por IA.
40	Detailansicht des Berliner Doms als 0,25-Gigapixel-Aufnahme mit 15827 x 15827 Pixeln von Daniel Richter. Geeignet für repräsentative Wandgestaltung, Großformatdrucke und Messebau. Hervorragende Schärfe auch bei mehreren Metern Breite. Echte Kameraaufnahme, keine KI-Generierung, kein KI-Upscaling.	Vista de detalle de la Catedral de Berlín como toma gigapíxel de 0,25 GP con 15827 x 15827 píxeles de Daniel Richter. Apto para decoración mural representativa, impresiones de gran formato y construcción de stands. Nitidez excepcional incluso en varios metros de ancho. Captura de cámara auténtica, sin generación por IA, sin upscaling por IA.
41	Der Vorplatz des Berliner Doms als 0,25-Gigapixel-Aufnahme mit 39373 x 6354 Pixeln von Daniel Richter. Geeignet für repräsentative Wandgestaltung, Großformatdrucke und Messebau. Hervorragende Schärfe auch bei mehreren Metern Breite. Echte Kameraaufnahme, keine KI-Generierung, kein KI-Upscaling.	La plaza de la Catedral de Berlín como toma gigapíxel de 0,25 GP con 39373 x 6354 píxeles de Daniel Richter. Apto para decoración mural representativa, impresiones de gran formato y construcción de stands. Nitidez excepcional incluso en varios metros de ancho. Captura de cámara auténtica, sin generación por IA, sin upscaling por IA.
42	Rote Wellblechwand als 0,25-Gigapixel-Aufnahme mit 24995 x 10014 Pixeln von Daniel Richter. Geeignet für Spanndecken, Wandpaneele und großformatige Innenraumdrucke. Hervorragende Schärfe auch bei mehreren Metern Breite. Echte Kameraaufnahme, keine KI-Generierung, kein KI-Upscaling.	Pared de chapa corrugada roja como toma gigapíxel de 0,25 GP con 24995 x 10014 píxeles de Daniel Richter. Apto para techos tensados, paneles de pared e impresiones de interior de gran formato. Nitidez excepcional incluso en varios metros de ancho. Captura de cámara auténtica, sin generación por IA, sin upscaling por IA.
43	Rote Wellblechwand klein als 0,25-Gigapixel-Aufnahme mit 15827 x 15827 Pixeln von Daniel Richter. Geeignet für Spanndecken, Wandpaneele und großformatige Innenraumdrucke. Hervorragende Schärfe auch bei mehreren Metern Breite. Echte Kameraaufnahme, keine KI-Generierung, kein KI-Upscaling.	Pared de chapa corrugada roja pequeña como toma gigapíxel de 0,25 GP con 15827 x 15827 píxeles de Daniel Richter. Apto para techos tensados, paneles de pared e impresiones de interior de gran formato. Nitidez excepcional incluso en varios metros de ancho. Captura de cámara auténtica, sin generación por IA, sin upscaling por IA.
44	Blühende Krone eines Pflaumenbaumes als 0,25-Gigapixel-Aufnahme mit 19878 x 12591 Pixeln von Daniel Richter. Geeignet für Spanndecken, Praxis- und Klinikgestaltung sowie Healing-Environment-Konzepte. Hervorragende Schärfe auch bei mehreren Metern Breite. Echte Kameraaufnahme, keine KI-Generierung, kein KI-Upscaling.	Copa floreciente de un árbol de ciruela como toma gigapíxel de 0,25 GP con 19878 x 12591 píxeles de Daniel Richter. Apto para techos tensados, diseño de consultorios y clínicas así como conceptos de healing environment. Nitidez excepcional incluso en varios metros de ancho. Captura de cámara auténtica, sin generación por IA, sin upscaling por IA.
45	Blühende Äste als 0,25-Gigapixel-Aufnahme mit 19538 x 12810 Pixeln von Daniel Richter. Geeignet für Spanndecken, Praxis- und Klinikgestaltung sowie Healing-Environment-Konzepte. Hervorragende Schärfe auch bei mehreren Metern Breite. Echte Kameraaufnahme, keine KI-Generierung, kein KI-Upscaling.	Ramas floridas como toma gigapíxel de 0,25 GP con 19538 x 12810 píxeles de Daniel Richter. Apto para techos tensados, diseño de consultorios y clínicas así como conceptos de healing environment. Nitidez excepcional incluso en varios metros de ancho. Captura de cámara auténtica, sin generación por IA, sin upscaling por IA.
46	Blütenmeer als 0,25-Gigapixel-Aufnahme (34257 x 7307 Pixel) von Daniel Richter. Das hochaufgelöste Panorama eignet sich für Spanndecken, Wandgestaltung und großformatige Innenraumkonzepte. Selbst auf mehreren Metern Breite bleibt das Bild pixelfrei scharf. Echte Kameraaufnahme, keine KI-Generierung, kein KI-Upscaling.	Mar de flores como toma gigapíxel de 0,25 GP (34257 x 7307 píxeles) de Daniel Richter. El panorama de alta resolución es apto para techos tensados, decoración mural y conceptos de interior de gran formato. Incluso en varios metros de ancho la imagen permanece nítida sin píxeles visibles. Captura de cámara auténtica, sin generación por IA, sin upscaling por IA.
47	Blühender Baum als 0,25-Gigapixel-Aufnahme mit 11182 x 22383 Pixeln von Daniel Richter. Geeignet für Spanndecken, Praxis- und Klinikgestaltung sowie Healing-Environment-Konzepte. Hervorragende Schärfe auch bei mehreren Metern Breite. Echte Kameraaufnahme, keine KI-Generierung, kein KI-Upscaling.	Árbol floreciente como toma gigapíxel de 0,25 GP con 11182 x 22383 píxeles de Daniel Richter. Apto para techos tensados, diseño de consultorios y clínicas así como conceptos de healing environment. Nitidez excepcional incluso en varios metros de ancho. Captura de cámara auténtica, sin generación por IA, sin upscaling por IA.
48	Blühender Kirschbaum, 0,25 Gigapixel (11182 × 22383 px). Fotograf: Daniel Richter. Eignet sich für Spanndecken, XXL-Wandgestaltung und Messeflächen. Detailreiche Darstellung auch im Großformat. Echte Kameraaufnahme, keine KI-Generierung, kein KI-Upscaling.	Árbol de cerezo floreciente, 0,25 Gigapixel (11182 × 22383 px). Fotógrafo: Daniel Richter. Se adapta a techos tensados, decoración mural XXL y espacios de ferias. Presentación detallada incluso en gran formato. Captura de cámara auténtica, sin generación por IA, sin upscaling por IA.
49	Blütenbedeckter Ast, 0,25 Gigapixel (11182 × 22383 px). Fotograf: Daniel Richter. Eignet sich für Spanndecken, XXL-Wandgestaltung und Messeflächen. Detailreiche Darstellung auch im Großformat. Echte Kameraaufnahme, keine KI-Generierung, kein KI-Upscaling.	Rama cubierta de flores, 0,25 Gigapixel (11182 × 22383 px). Fotógrafo: Daniel Richter. Se adapta a techos tensados, decoración mural XXL y espacios de ferias. Presentación detallada incluso en gran formato. Captura de cámara auténtica, sin generación por IA, sin upscaling por IA.
50	Kirschblüten vor blaumen Himmel, 0,25 Gigapixel (33535 × 7464 px). Fotograf: Daniel Richter. Eignet sich für Spanndecken, XXL-Wandgestaltung und Messeflächen. Detailreiche Darstellung auch im Großformat. Echte Kameraaufnahme, keine KI-Generierung, kein KI-Upscaling.	Flores de cerezo ante cielo azul, 0,25 Gigapixel (33535 × 7464 px). Fotografía de Daniel Richter. Apto para techos tensados, decoración mural XXL y espacios de ferias. Representación detallada también en gran formato. Captura de cámara auténtica, sin generación por IA, sin upscaling por IA.
51	Blütenmeer im Frühling, 0,25 Gigapixel (22623 × 11063 px). Fotograf: Daniel Richter. Eignet sich für Spanndecken, XXL-Wandgestaltung und Messeflächen. Detailreiche Darstellung auch im Großformat. Echte Kameraaufnahme, keine KI-Generierung, kein KI-Upscaling.	Mar de flores en primavera, 0,25 Gigapixel (22623 × 11063 px). Fotografía de Daniel Richter. Apto para techos tensados, decoración mural XXL y espacios de ferias. Representación detallada también en gran formato. Captura de cámara auténtica, sin generación por IA, sin upscaling por IA.
